{"source":2,"revision":37,"description":null,"createdBy":{"displayName":"Eamonn Kelly","url":"https://spsprodweu4.vssps.visualstudio.com/Af36cbe6a-8f3a-4739-a660-43df77f71ea0/_apis/Identities/7342e401-5056-46c5-83d9-755c4d98e3b5","_links":{"avatar":{"href":"https://dev.azure.com/ek25thfeb19/_apis/GraphProfile/MemberAvatars/msa.ODEyYmM5YjYtMzJkNy03ZTg1LWI1NWMtZjVjMzg3MjEyYTgw"}},"id":"7342e401-5056-46c5-83d9-755c4d98e3b5","uniqueName":"eamonn_kelly@hotmail.com","imageUrl":"https://dev.azure.com/ek25thfeb19/_api/_common/identityImage?id=7342e401-5056-46c5-83d9-755c4d98e3b5","descriptor":"msa.ODEyYmM5YjYtMzJkNy03ZTg1LWI1NWMtZjVjMzg3MjEyYTgw"},"createdOn":"2019-02-28T13:28:52.720Z","modifiedBy":{"displayName":"Eamonn Kelly","url":"https://spsprodweu4.vssps.visualstudio.com/Af36cbe6a-8f3a-4739-a660-43df77f71ea0/_apis/Identities/7342e401-5056-46c5-83d9-755c4d98e3b5","_links":{"avatar":{"href":"https://dev.azure.com/ek25thfeb19/_apis/GraphProfile/MemberAvatars/msa.ODEyYmM5YjYtMzJkNy03ZTg1LWI1NWMtZjVjMzg3MjEyYTgw"}},"id":"7342e401-5056-46c5-83d9-755c4d98e3b5","uniqueName":"eamonn_kelly@hotmail.com","imageUrl":"https://dev.azure.com/ek25thfeb19/_api/_common/identityImage?id=7342e401-5056-46c5-83d9-755c4d98e3b5","descriptor":"msa.ODEyYmM5YjYtMzJkNy03ZTg1LWI1NWMtZjVjMzg3MjEyYTgw"},"modifiedOn":"2019-03-30T15:35:58.123Z","isDeleted":false,"variables":{"AdminPassword":{"value":"Passw0rd0134!"},"AdminTestPassword":{"value":"Passw0rd0134!"},"ContainerName":{"value":"cntrnmek07"},"HostingPlan":{"value":"hpek07"},"ResourceGroupName":{"value":"XVGroup89377"},"ServerName":{"value":"pusrvnmek07"},"StorageAccountName":{"value":"stracnmek07"},"WebsiteName":{"value":"puwebek07"}},"variableGroups":[],"environments":[{"id":1,"name":"Dev","rank":1,"owner":{"displayName":"Eamonn Kelly","url":"https://spsprodweu4.vssps.visualstudio.com/Af36cbe6a-8f3a-4739-a660-43df77f71ea0/_apis/Identities/7342e401-5056-46c5-83d9-755c4d98e3b5","_links":{"avatar":{"href":"https://dev.azure.com/ek25thfeb19/_apis/GraphProfile/MemberAvatars/msa.ODEyYmM5YjYtMzJkNy03ZTg1LWI1NWMtZjVjMzg3MjEyYTgw"}},"id":"7342e401-5056-46c5-83d9-755c4d98e3b5","uniqueName":"eamonn_kelly@hotmail.com","imageUrl":"https://dev.azure.com/ek25thfeb19/_api/_common/identityImage?id=7342e401-5056-46c5-83d9-755c4d98e3b5","descriptor":"msa.ODEyYmM5YjYtMzJkNy03ZTg1LWI1NWMtZjVjMzg3MjEyYTgw"},"variables":{},"variableGroups":[],"preDeployApprovals":{"approvals":[{"rank":1,"isAutomated":false,"isNotificationOn":false,"approver":{"displayName":"Eamonn Kelly","url":"https://spsprodweu4.vssps.visualstudio.com/Af36cbe6a-8f3a-4739-a660-43df77f71ea0/_apis/Identities/7342e401-5056-46c5-83d9-755c4d98e3b5","_links":{"avatar":{"href":"https://dev.azure.com/ek25thfeb19/_apis/GraphProfile/MemberAvatars/msa.ODEyYmM5YjYtMzJkNy03ZTg1LWI1NWMtZjVjMzg3MjEyYTgw"}},"id":"7342e401-5056-46c5-83d9-755c4d98e3b5","uniqueName":"eamonn_kelly@hotmail.com","imageUrl":"https://dev.azure.com/ek25thfeb19/_api/_common/identityImage?id=7342e401-5056-46c5-83d9-755c4d98e3b5","descriptor":"msa.ODEyYmM5YjYtMzJkNy03ZTg1LWI1NWMtZjVjMzg3MjEyYTgw"},"id":4}],"approvalOptions":{"requiredApproverCount":null,"releaseCreatorCanBeApprover":true,"autoTriggeredAndPreviousEnvironmentApprovedCanBeSkipped":false,"enforceIdentityRevalidation":false,"timeoutInMinutes":0,"executionOrder":1}},"deployStep":{"id":2},"postDeployApprovals":{"approvals":[{"rank":1,"isAutomated":false,"isNotificationOn":false,"approver":{"displayName":"Eamonn Kelly","url":"https://spsprodweu4.vssps.visualstudio.com/Af36cbe6a-8f3a-4739-a660-43df77f71ea0/_apis/Identities/7342e401-5056-46c5-83d9-755c4d98e3b5","_links":{"avatar":{"href":"https://dev.azure.com/ek25thfeb19/_apis/GraphProfile/MemberAvatars/msa.ODEyYmM5YjYtMzJkNy03ZTg1LWI1NWMtZjVjMzg3MjEyYTgw"}},"id":"7342e401-5056-46c5-83d9-755c4d98e3b5","uniqueName":"eamonn_kelly@hotmail.com","imageUrl":"https://dev.azure.com/ek25thfeb19/_api/_common/identityImage?id=7342e401-5056-46c5-83d9-755c4d98e3b5","descriptor":"msa.ODEyYmM5YjYtMzJkNy03ZTg1LWI1NWMtZjVjMzg3MjEyYTgw"},"id":11}],"approvalOptions":{"requiredApproverCount":null,"releaseCre
atorCanBeApprover":true,"autoTriggeredAndPreviousEnvironmentApprovedCanBeSkipped":false,"enforceIdentityRevalidation":false,"timeoutInMinutes":0,"executionOrder":2}},"deployPhases":[{"deploymentInput":{"parallelExecution":{"parallelExecutionType":0},"skipArtifactsDownload":false,"artifactsDownloadInput":{"downloadInputs":[{"alias":"_PU1Builddef1","artifactType":"Build","artifactDownloadMode":"All","artifactItems":[]}]},"queueId":3,"demands":[],"enableAccessToken":false,"timeoutInMinutes":0,"jobCancelTimeoutInMinutes":1,"condition":"succeeded()","overrideInputs":{}},"rank":1,"phaseType":1,"name":"Agent job","refName":null,"workflowTasks":[{"environment":{},"taskId":"94a74903-f93f-4075-884f-dc11f34058b4","version":"2.*","name":"Azure Deployment:Create Or Update Resource Group action on $(ResourceGroupName)","refName":"","enabled":true,"alwaysRun":false,"continueOnError":false,"timeoutInMinutes":0,"definitionType":"task","overrideInputs":{},"condition":"succeeded()","inputs":{"ConnectedServiceName":"9db55a06-8dbe-4ea2-a81c-7c0a5813708a","action":"Create Or Update Resource Group","resourceGroupName":"$(ResourceGroupName)","location":"South Central US","templateLocation":"Linked artifact","csmFileLink":"","csmParametersFileLink":"","csmFile":"$(System.DefaultWorkingDirectory)/_PU1Builddef1/ARMTemplates/FullEnvironmentSetupMerged.json","csmParametersFile":"$(System.DefaultWorkingDirectory)/_PU1Builddef1/ARMTemplates/FullEnvironmentSetupMerged.param.json","overrideParameters":"-WebsiteName $(WebsiteName) -PartsUnlimitedServerName $(ServerName) -PartsUnlimitedHostingPlanName $(HostingPlan) -CdnStorageAccountName $(StorageAccountName) -CdnStorageContainerName $(ContainerName) -CdnStorageAccountNameForDev $(StorageAccountName)-dev -CdnStorageContainerNameForDev $(ContainerName)-dev -CdnStorageAccountNameForStaging $(StorageAccountName)-stage -CdnStorageContainerNameForStaging $(ContainerName)-stage -PartsUnlimitedServerAdminLoginPassword (ConvertTo-SecureString -String '$(AdminPassword)' -AsPlainText -Force) -PartsUnlimitedServerAdminLoginPasswordForTest (ConvertTo-SecureString -String '$(AdminTestPassword)' -AsPlainText -Force)","deploymentMode":"Incremental","enableDeploymentPrerequisites":"None","deploymentGroupEndpoint":"","project":"","deploymentGroupName":"","copyAzureVMTags":"true","runAgentServiceAsUser":"false","userName":"","password":"","outputVariable":"","deploymentName":"","deploymentOutputs":"","addSpnToEnvironment":"false"}},{"environment":{},"taskId":"497d490f-eea7-4f2b-ab94-48d9c1acdcb1","version":"4.*","name":"Azure App Service Deploy: $(WebsiteName)","refName":"","enabled":true,"alwaysRun":false,"continueOnError":false,"timeoutInMinutes":0,"definitionType":"task","overrideInputs":{},"condition":"succeeded()","inputs":{"ConnectionType":"AzureRM","ConnectedServiceName":"9db55a06-8dbe-4ea2-a81c-7c0a5813708a","PublishProfilePath":"$(System.DefaultWorkingDirectory)/**/*.pubxml","PublishProfilePassword":"","WebAppKind":"webApp","WebAppName":"$(WebsiteName)","DeployToSlotOrASEFlag":"true","ResourceGroupName":"$(ResourceGroupName)","SlotName":"dev","DockerNamespace":"","DockerRepository":"","DockerImageTag":"","VirtualApplication":"","Package":"$(System.DefaultWorkingDirectory)/_PU1Builddef1/drop/partsunlimited.zip","RuntimeStack":"","RuntimeStackFunction":"","StartupCommand":"","ScriptType":"","InlineScript":":: You can provide your deployment commands here. One command per line.","ScriptPath":"","WebConfigParameters":"","AppSettings":"","ConfigurationSettings":"","UseWebDeploy":"false","DeploymentType":"webDeploy","TakeAppOfflineFlag":"true","SetParametersFile":"","RemoveAdditionalFilesFlag":"false","ExcludeFilesFromAppDataFlag":"true","AdditionalArguments":"-retryAttempts:6 -retryInterval:10000","RenameFilesFlag":"true","XmlTransformation":"false","XmlVariableSubstitution":"false","JSONFiles":""}}]}],"environmentOptions":{"emailNotificationType":"OnlyOnFailure","emailRecipients":"release.environment.owner;release.creator","skipArtifactsDownload":false,"timeoutInMinutes":0,"enableAccessToken":false,"publishDeployment
Status":true,"badgeEnabled":false,"autoLinkWorkItems":false,"pullRequestDeploymentEnabled":false},"demands":[],"conditions":[{"name":"ReleaseStarted","conditionType":1,"value":""}],"executionPolicy":{"concurrencyCount":1,"queueDepthCount":0},"schedules":[],"currentRelease":{"id":21,"url":"https://vsrm.dev.azure.com/ek25thfeb19/fec8496d-6e03-4dcb-9777-65bbb0b53e2b/_apis/Release/releases/21","_links":{}},"retentionPolicy":{"daysToKeep":30,"releasesToKeep":3,"retainBuild":true},"processParameters":{},"properties":{},"preDeploymentGates":{"id":0,"gatesOptions":null,"gates":[]},"postDeploymentGates":{"id":0,"gatesOptions":null,"gates":[]},"environmentTriggers":[],"badgeUrl":"https://vsrm.dev.azure.com/ek25thfeb19/_apis/public/Release/badge/fec8496d-6e03-4dcb-9777-65bbb0b53e2b/1/1"},{"id":2,"name":"Staging","rank":2,"owner":{"displayName":"Eamonn Kelly","url":"https://spsprodweu4.vssps.visualstudio.com/Af36cbe6a-8f3a-4739-a660-43df77f71ea0/_apis/Identities/7342e401-5056-46c5-83d9-755c4d98e3b5","_links":{"avatar":{"href":"https://dev.azure.com/ek25thfeb19/_apis/GraphProfile/MemberAvatars/msa.ODEyYmM5YjYtMzJkNy03ZTg1LWI1NWMtZjVjMzg3MjEyYTgw"}},"id":"7342e401-5056-46c5-83d9-755c4d98e3b5","uniqueName":"eamonn_kelly@hotmail.com","imageUrl":"https://dev.azure.com/ek25thfeb19/_api/_common/identityImage?id=7342e401-5056-46c5-83d9-755c4d98e3b5","descriptor":"msa.ODEyYmM5YjYtMzJkNy03ZTg1LWI1NWMtZjVjMzg3MjEyYTgw"},"variables":{},"variableGroups":[],"preDeployApprovals":{"approvals":[{"rank":1,"isAutomated":false,"isNotificationOn":false,"approver":{"displayName":"Eamonn Kelly","url":"https://spsprodweu4.vssps.visualstudio.com/Af36cbe6a-8f3a-4739-a660-43df77f71ea0/_apis/Identities/7342e401-5056-46c5-83d9-755c4d98e3b5","_links":{"avatar":{"href":"https://dev.azure.com/ek25thfeb19/_apis/GraphProfile/MemberAvatars/msa.ODEyYmM5YjYtMzJkNy03ZTg1LWI1NWMtZjVjMzg3MjEyYTgw"}},"id":"7342e401-5056-46c5-83d9-755c4d98e3b5","uniqueName":"eamonn_kelly@hotmail.com","imageUrl":"https://dev.azure.com/ek25thfeb19/_api/_common/identityImage?id=7342e401-5056-46c5-83d9-755c4d98e3b5","descriptor":"msa.ODEyYmM5YjYtMzJkNy03ZTg1LWI1NWMtZjVjMzg3MjEyYTgw"},"id":5}],"approvalOptions":{"requiredApproverCount":null,"releaseCreatorCanBeApprover":true,"autoTriggeredAndPreviousEnvironmentApprovedCanBeSkipped":false,"enforceIdentityRevalidation":false,"timeoutInMinutes":0,"executionOrder":1}},"deployStep":{"id":8},"postDeployApprovals":{"approvals":[{"rank":1,"isAutomated":false,"isNotificationOn":false,"approver":{"displayName":"Eamonn Kelly","url":"https://spsprodweu4.vssps.visualstudio.com/Af36cbe6a-8f3a-4739-a660-43df77f71ea0/_apis/Identities/7342e401-5056-46c5-83d9-755c4d98e3b5","_links":{"avatar":{"href":"https://dev.azure.com/ek25thfeb19/_apis/GraphProfile/MemberAvatars/msa.ODEyYmM5YjYtMzJkNy03ZTg1LWI1NWMtZjVjMzg3MjEyYTgw"}},"id":"7342e401-5056-46c5-83d9-755c4d98e3b5","uniqueName":"eamonn_kelly@hotmail.com","imageUrl":"https://dev.azure.com/ek25thfeb19/_api/_common/identityImage?id=7342e401-5056-46c5-83d9-755c4d98e3b5","descriptor":"msa.ODEyYmM5YjYtMzJkNy03ZTg1LWI1NWMtZjVjMzg3MjEyYTgw"},"id":9}],"approvalOptions":{"requiredApproverCount":null,"releaseCreatorCanBeApprover":true,"autoTriggeredAndPreviousEnvironmentApprovedCanBeSkipped":false,"enforceIdentityRevalidation":false,"timeoutInMinutes":0,"executionOrder":2}},"deployPhases":[{"deploymentInput":{"parallelExecution":{"parallelExecutionType":0},"skipArtifactsDownload":false,"artifactsDownloadInput":{"downloadInputs":[{"alias":"_PU1Builddef1","artifactType":"Build","artifactDownloadMode":"All","artifactItems":[]}]},"queueId":3,"demands":[],"enableAccessToken":false,"timeoutInMinutes":0,"jobCancelTimeoutInMinutes":1,"condition":"succeeded()","overrideInputs":{}},"rank":1,"phaseType":1,"name":"Agent job","refName":null,"workflowTasks":[{"environment":{},"taskId":"497d490f-eea7-4f2b-ab94-48d9c1acdcb1","version":"4.*","name":"Azure App Service Deploy: $(WebsiteName)","refName":"","enabled":true,"alwaysRun":false,"continueOnError":false,"timeoutInMinutes":0,"definitionType":"task","overrideInputs":{},"condition":"succe
eded()","inputs":{"ConnectionType":"AzureRM","ConnectedServiceName":"9db55a06-8dbe-4ea2-a81c-7c0a5813708a","PublishProfilePath":"$(System.DefaultWorkingDirectory)/**/*.pubxml","PublishProfilePassword":"","WebAppKind":"webApp","WebAppName":"$(WebsiteName)","DeployToSlotOrASEFlag":"true","ResourceGroupName":"$(ResourceGroupName)","SlotName":"staging","DockerNamespace":"","DockerRepository":"","DockerImageTag":"","VirtualApplication":"","Package":"$(System.DefaultWorkingDirectory)/_PU1Builddef1/drop/partsunlimited.zip","RuntimeStack":"","RuntimeStackFunction":"","StartupCommand":"","ScriptType":"","InlineScript":":: You can provide your deployment commands here. One command per line.","ScriptPath":"","WebConfigParameters":"","AppSettings":"","ConfigurationSettings":"","UseWebDeploy":"false","DeploymentType":"webDeploy","TakeAppOfflineFlag":"true","SetParametersFile":"","RemoveAdditionalFilesFlag":"false","ExcludeFilesFromAppDataFlag":"true","AdditionalArguments":"-retryAttempts:6 -retryInterval:10000","RenameFilesFlag":"true","XmlTransformation":"false","XmlVariableSubstitution":"false","JSONFiles":""}}]}],"environmentOptions":{"emailNotificationType":"OnlyOnFailure","emailRecipients":"release.environment.owner;release.creator","skipArtifactsDownload":false,"timeoutInMinutes":0,"enableAccessToken":false,"publishDeploymentStatus":true,"badgeEnabled":false,"autoLinkWorkItems":false,"pullRequestDeploymentEnabled":false},"demands":[],"conditions":[{"name":"Dev","conditionType":2,"value":"4"}],"executionPolicy":{"concurrencyCount":1,"queueDepthCount":0},"schedules":[],"currentRelease":{"id":21,"url":"https://vsrm.dev.azure.com/ek25thfeb19/fec8496d-6e03-4dcb-9777-65bbb0b53e2b/_apis/Release/releases/21","_links":{}},"retentionPolicy":{"daysToKeep":30,"releasesToKeep":3,"retainBuild":true},"processParameters":{},"properties":{},"preDeploymentGates":{"id":0,"gatesOptions":null,"gates":[]},"postDeploymentGates":{"id":0,"gatesOptions":null,"gates":[]},"environmentTriggers":[],"badgeUrl":"https://vsrm.dev.azure.com/ek25thfeb19/_apis/public/Release/badge/fec8496d-6e03-4dcb-9777-65bbb0b53e2b/1/2"},{"id":3,"name":"Production","rank":3,"owner":{"displayName":"Eamonn Kelly","url":"https://spsprodweu4.vssps.visualstudio.com/Af36cbe6a-8f3a-4739-a660-43df77f71ea0/_apis/Identities/7342e401-5056-46c5-83d9-755c4d98e3b5","_links":{"avatar":{"href":"https://dev.azure.com/ek25thfeb19/_apis/GraphProfile/MemberAvatars/msa.ODEyYmM5YjYtMzJkNy03ZTg1LWI1NWMtZjVjMzg3MjEyYTgw"}},"id":"7342e401-5056-46c5-83d9-755c4d98e3b5","uniqueName":"eamonn_kelly@hotmail.com","imageUrl":"https://dev.azure.com/ek25thfeb19/_api/_common/identityImage?id=7342e401-5056-46c5-83d9-755c4d98e3b5","descriptor":"msa.ODEyYmM5YjYtMzJkNy03ZTg1LWI1NWMtZjVjMzg3MjEyYTgw"},"variables":{},"variableGroups":[],"preDeployApprovals":{"approvals":[{"rank":1,"isAutomated":false,"isNotificationOn":false,"approver":{"displayName":"Eamonn Kelly","url":"https://spsprodweu4.vssps.visualstudio.com/Af36cbe6a-8f3a-4739-a660-43df77f71ea0/_apis/Identities/7342e401-5056-46c5-83d9-755c4d98e3b5","_links":{"avatar":{"href":"https://dev.azure.com/ek25thfeb19/_apis/GraphProfile/MemberAvatars/msa.ODEyYmM5YjYtMzJkNy03ZTg1LWI1NWMtZjVjMzg3MjEyYTgw"}},"id":"7342e401-5056-46c5-83d9-755c4d98e3b5","uniqueName":"eamonn_kelly@hotmail.com","imageUrl":"https://dev.azure.com/ek25thfeb19/_api/_common/identityImage?id=7342e401-5056-46c5-83d9-755c4d98e3b5","descriptor":"msa.ODEyYmM5YjYtMzJkNy03ZTg1LWI1NWMtZjVjMzg3MjEyYTgw"},"id":6}],"approvalOptions":{"requiredApproverCount":null,"releaseCreatorCanBeApprover":true,"autoTriggeredAndPreviousEnvironmentApprovedCanBeSkipped":false,"enforceIdentityRevalidation":false,"timeoutInMinutes":0,"executionOrder":1}},"deployStep":{"id":7},"postDeployApprovals":{"approvals":[{"rank":1,"isAutomated":false,"isNotificationOn":false,"approver":{"displayName":"Eamonn Kelly","url":"https://spsprodweu4.vssps.visualstudio.com/Af36cbe6a-8f3a-4739-a660-43df77f71ea0/_apis/Identities/7342e401-5056-46c5-83d9-755c4d98e3b5","_links":{"avatar":{"href":"https://dev.azure.com/ek25thfeb19/_apis/GraphProfile/Mem
berAvatars/msa.ODEyYmM5YjYtMzJkNy03ZTg1LWI1NWMtZjVjMzg3MjEyYTgw"}},"id":"7342e401-5056-46c5-83d9-755c4d98e3b5","uniqueName":"eamonn_kelly@hotmail.com","imageUrl":"https://dev.azure.com/ek25thfeb19/_api/_common/identityImage?id=7342e401-5056-46c5-83d9-755c4d98e3b5","descriptor":"msa.ODEyYmM5YjYtMzJkNy03ZTg1LWI1NWMtZjVjMzg3MjEyYTgw"},"id":10}],"approvalOptions":{"requiredApproverCount":null,"releaseCreatorCanBeApprover":true,"autoTriggeredAndPreviousEnvironmentApprovedCanBeSkipped":false,"enforceIdentityRevalidation":false,"timeoutInMinutes":0,"executionOrder":2}},"deployPhases":[{"deploymentInput":{"parallelExecution":{"parallelExecutionType":0},"skipArtifactsDownload":false,"artifactsDownloadInput":{"downloadInputs":[{"alias":"_PU1Builddef1","artifactType":"Build","artifactDownloadMode":"All","artifactItems":[]}]},"queueId":3,"demands":[],"enableAccessToken":false,"timeoutInMinutes":0,"jobCancelTimeoutInMinutes":1,"condition":"succeeded()","overrideInputs":{}},"rank":1,"phaseType":1,"name":"Agent job","refName":null,"workflowTasks":[{"environment":{},"taskId":"497d490f-eea7-4f2b-ab94-48d9c1acdcb1","version":"4.*","name":"Azure App Service Deploy: $(WebsiteName)","refName":"","enabled":true,"alwaysRun":false,"continueOnError":false,"timeoutInMinutes":0,"definitionType":"task","overrideInputs":{},"condition":"succeeded()","inputs":{"ConnectionType":"AzureRM","ConnectedServiceName":"9db55a06-8dbe-4ea2-a81c-7c0a5813708a","PublishProfilePath":"$(System.DefaultWorkingDirectory)/**/*.pubxml","PublishProfilePassword":"","WebAppKind":"webApp","WebAppName":"$(WebsiteName)","DeployToSlotOrASEFlag":"true","ResourceGroupName":"$(ResourceGroupName)","SlotName":"production","DockerNamespace":"","DockerRepository":"","DockerImageTag":"","VirtualApplication":"","Package":"$(System.DefaultWorkingDirectory)/_PU1Builddef1/drop/partsunlimited.zip","RuntimeStack":"","RuntimeStackFunction":"","StartupCommand":"","ScriptType":"","InlineScript":":: You can provide your deployment commands here. One command per line.","ScriptPath":"","WebConfigParameters":"","AppSettings":"","ConfigurationSettings":"","UseWebDeploy":"false","DeploymentType":"webDeploy","TakeAppOfflineFlag":"true","SetParametersFile":"","RemoveAdditionalFilesFlag":"false","ExcludeFilesFromAppDataFlag":"true","AdditionalArguments":"-retryAttempts:6 -retryInterval:10000","RenameFilesFlag":"true","XmlTransformation":"false","XmlVariableSubstitution":"false","JSONFiles":""}}]}],"environmentOptions":{"emailNotificationType":"OnlyOnFailure","emailRecipients":"release.environment.owner;release.creator","skipArtifactsDownload":false,"timeoutInMinutes":0,"enableAccessToken":false,"publishDeploymentStatus":true,"badgeEnabled":false,"autoLinkWorkItems":false,"pullRequestDeploymentEnabled":false},"demands":[],"conditions":[{"name":"Staging","conditionType":2,"value":"4"}],"executionPolicy":{"concurrencyCount":1,"queueDepthCount":0},"schedules":[],"currentRelease":{"id":21,"url":"https://vsrm.dev.azure.com/ek25thfeb19/fec8496d-6e03-4dcb-9777-65bbb0b53e2b/_apis/Release/releases/21","_links":{}},"retentionPolicy":{"daysToKeep":30,"releasesToKeep":3,"retainBuild":true},"processParameters":{},"properties":{},"preDeploymentGates":{"id":0,"gatesOptions":null,"gates":[]},"postDeploymentGates":{"id":0,"gatesOptions":null,"gates":[]},"environmentTriggers":[],"badgeUrl":"https://vsrm.dev.azure.com/ek25thfeb19/_apis/public/Release/badge/fec8496d-6e03-4dcb-9777-65bbb0b53e2b/1/3"}],"artifacts":[{"sourceId":"fec8496d-6e03-4dcb-9777-65bbb0b53e2b:1","type":"Build","alias":"_PU1Builddef1","definitionReference":{"artifactSourceDefinitionUrl":{"id":"https://dev.azure.com/ek25thfeb19/_permalink/_build/index?collectionId=9c441282-80a9-4bb4-9596-64777f07e32e&projectId=fec8496d-6e03-4dcb-9777-65bbb0b53e2b&definitionId=1","name":""},"defaultVersionBranch":{"id":"","name":""},"defaultVersionSpecific":{"id":"","name":""},"defaultVersionTags":{"id":"","name":""},"defaultVersionType":{"id":"latestType","name":"Latest"},"definition":{"id":"1","name":"PU1Builddef1"},"definitions":{"id":"","name":""},"IsMultiDefinitionType"
:{"id":"False","name":"False"},"project":{"id":"fec8496d-6e03-4dcb-9777-65bbb0b53e2b","name":"PU"},"repository":{"id":"","name":""}},"isPrimary":true,"isRetained":false}],"triggers":[{"artifactAlias":"_PU1Builddef1","triggerConditions":[],"triggerType":1}],"releaseNameFormat":"Release-$(rev:r)","tags":[],"pipelineProcess":{"type":1},"properties":{"DefinitionCreationSource":{"$type":"System.String","$value":"ReleaseNew"}},"id":1,"name":"PUReldef1","path":"\\","projectReference":null,"url":"https://vsrm.dev.azure.com/ek25thfeb19/fec8496d-6e03-4dcb-9777-65bbb0b53e2b/_apis/Release/definitions/1","_links":{"self":{"href":"https://vsrm.dev.azure.com/ek25thfeb19/fec8496d-6e03-4dcb-9777-65bbb0b53e2b/_apis/Release/definitions/1"},"web":{"href":"https://dev.azure.com/ek25thfeb19/fec8496d-6e03-4dcb-9777-65bbb0b53e2b/_release?definitionId=1"}}}
